"state","county","year","count","total_size","average_cost_per_watt","sum_cost","concat_code","state_code","county_code"
"RI","","2009",5,17.65,,,"44","44",
"RI","Newport","2009",3,31.4,,,"44005","44","005"
"RI","Kent","2009",3,49.45,9.09,20000,"44081","44","081"
"LA","Jefferson","2009",3,22.15,8.5766666666666667,,"22059","22","059"
"LA","Lafayette","2009",4,27.13,7.7475,,"22073","22","073"
"CT","","2009",1046,20124.76,8.1080268199233716,155880122.3,"09","09",
"OH","Clinton","2009",1,4,,,"39035","39","035"
"CT","Tolland","2009",51,352.28,8.236403573127451,2869010.61,"09013","09","013"
"PA","Philadelphia","2009",22,84.478,8.0888395955136364,662895.72,"42101","42","101"
"WI","Outagamie","2009",20,123.21,7.13042419164,868839.42,"55087","55","087"
"WI","Ozaukee","2009",13,133.964,9.5681119666461538,1289142,"55089","55","089"
"WI","Pierce","2009",6,23.74,10.22549163545,242696.26,"55093","55","093"
"WI","Polk","2009",2,7.36,7.52851630435,55398.96,"55095","55","095"
"WI","Portage","2009",43,269.492,8.4087552753674419,2133593.19,"55097","55","097"
"WI","Racine","2009",7,59.77,8.8623552369,498239,"55101","55","101"
"WI","Richland","2009",14,62.936,8.2980771516642857,553636.16,"55079","55","079"
"WI","Rock","2009",15,65.62,9.1515998071533333,567692.04,"55105","55","105"
"WI","Sauk","2009",18,90.708,9.5623227020944444,880935.78,"55111","55","111"
"LA","Livingston","2009",4,18.9,8.24,,"22051","22","051"
"LA","Orleans","2009",6,23.87,7.4066666666666667,,"22019","22","019"
"LA","Ouachita","2009",1,19.34,4.24,82000,"22103","22","103"
"RI","Providence","2009",8,284.82,8.98,40500,"44007","44","007"
"LA","Tangipahoa","2009",5,16,9.096,,"22105","22","105"
"LA","St. Helena","2009",1,3.15,8.68,,"22091","22","091"
"LA","Rapides","2009",2,13.2,7.88,,"22079","22","079"
"LA","St. Landry","2009",3,20.5,8.7166666666666667,,"22097","22","097"
"LA","Iberville","2009",2,6.3,8.67,,"22047","22","047"
"LA","East Feliciana","2009",1,3.15,8.68,,"22037","22","037"
"CT","New London","2009",75,1221.5475,7.8925480746786667,9596193.86,"09011","09","011"
"CT","New Haven","2009",86,1761.819,8.0634771621623529,13402363.38,"09009","09","009"
"CT","Litchfield","2009",64,1157.399,8.1204229721142857,8463433.6,"09005","09","005"
"CT","Hartford","2009",79,1962.381,8.1139143842291139,15739743.67,"09005","09","005"
"CA","San Francisco","2009",1125,5628.9344621,8.7391199023160571,44461514.34,"06075","06","075"
"LA","St. Tammany","2009",11,56.06,8.0781818181818182,64000,"22103","22","103"
"LA","East Baton Rouge","2009",18,56.74,9.5838888888888889,,"22033","22","033"
"LA","West Baton Rouge","2009",3,19.8,5.4433333333333333,,"22033","22","033"
"AR","Garland","2009",1,3.64,,,"05051","05","051"
"AR","Johnson","2009",1,5.3,,,"05071","05","071"
"AR","Marion","2009",1,0.615,,,"05089","05","089"
"AR","Sebastian","2009",3,12.86,,,"05131","05","131"
"AR","Stone","2009",2,3.2,5.835,20000,"05137","05","137"
"AR","Washington","2009",8,26.585,,,"05023","05","023"
"AZ","Apache","2009",12,55.8,8.6417507441083333,443211.6,"04001","04","001"
"AZ","Cochise","2009",116,1373.7507,8.8799191568408696,14407647.18,"04003","04","003"
"AZ","Coconino","2009",96,533.254,7.969246274596875,4214193.88,"04005","04","005"
"AZ","Gila","2009",57,215.441,8.5846652721403509,1763546.94,"04007","04","007"
"AZ","Graham","2009",22,139.6,7.7523480741090909,1109369,"04075","04","075"
"AZ","Greenlee","2009",2,8.91,3.82451960785,20851,"04011","04","011"
"AZ","La Paz","2009",4,36.988,7.413726167525,281658.9,"04012","04","012"
"AZ","Maricopa","2009",2989,24517.433,7.1338833312540756,168662520.34,"04013","04","013"
"AZ","Mohave","2009",157,942.741,7.9351052227354839,2313147,"04015","04","015"
"AZ","Navajo","2009",25,114.861,7.763066286644,833422.23,"04017","04","017"
"AZ","Pima","2009",397,3894.42786503,6.9204158885736979,12977052.32,"04019","04","019"
"AZ","Pinal","2009",147,3016.7215,7.1919821956519685,22630411.82,"04021","04","021"
"AZ","Santa Cruz","2009",14,54.857,7.94221339754,164308,"04087","04","087"
"AZ","Yavapai","2009",316,1864.356,7.8355206995936306,14802145.24,"04025","04","025"
"AZ","Yuma","2009",87,927.726,7.4914952082724138,7515468.34,"04027","04","027"
"CA","Amador","2009",52,317.663,6.8841478434923077,2146795.76,"06005","06","005"
"CA","Butte","2009",339,4202.413,7.1107411131044379,29045535.34,"06019","06","019"
"CA","Calaveras","2009",98,719.28,7.4053308054102041,5146821.77,"06009","06","009"
"CA","Colusa","2009",24,1324.135,6.853978638825,7430142.22,"06011","06","011"
"CA","Contra Costa","2009",1836,23116.184447323,8.1251630486686874,171020667.91531,"06013","06","013"
"CA","El Dorado","2009",490,3486.578,7.4174224228141079,22934370.65,"06017","06","017"
"CA","Fresno","2009",1178,15338.90880949,7.3690383840947788,96468026.11055,"06019","06","019"
"CA","Glenn","2009",19,256.074,7.1974295424684211,1775841.2,"06021","06","021"
"CA","Humboldt","2009",88,488.039,7.66765041025,2935401.43,"06023","06","023"
"CA","Imperial","2009",2,39.23,9.0374801061,340713,"06025","06","025"
"CA","Inyo","2009",10,80.51,8.05090672087,638119.84,"06027","06","027"
"CA","Kern","2009",599,10128.74710551,7.3312759738437396,66828186.61,"06029","06","029"
"CA","Kings","2009",165,3348.216,7.4414737897328947,20185877.85,"06031","06","031"
"CA","Lake","2009",62,3608.737,7.9172658854387097,29143307.86,"06065","06","065"
"CA","Los Angeles","2009",4194,48667.4556949,8.3515678608539876,352793606.890364,"06037","06","037"
"CT","Fairfield","2009",99,2559.843,8.1838917831474747,19747336.99,"09039","09","039"
"AK","Southeast Fairbanks","2009",1,1.65,13.33,22000,"02240","02","240"
"CT","Middlesex","2009",38,706.703,8.3026301215105263,5445844.69,"09023","09","023"
"CA","Madera","2009",166,1607.711,7.246799792523494,10866150.8,"06039","06","039"
"CA","Marin","2009",533,4706.683,7.598303492450469,35213401.59,"06041","06","041"
"CA","Mariposa","2009",26,173.06,7.7526771776538462,1288354.48,"06043","06","043"
"CA","Mendocino","2009",125,4272.987,7.5806929983314516,12547533.82,"06045","06","045"
"CA","Merced","2009",90,6930.773,7.2391229227764045,35967111.69,"06047","06","047"
"CA","Mono","2009",57,1711.622,7.0551029378368421,9710384.27,"06051","06","051"
"CA","Monterey","2009",371,4567.061437109,7.7425145378686992,28637588.52,"06053","06","053"
"CA","Napa","2009",464,5943.622,7.8178788950260776,53922899.46,"06055","06","055"
"CA","Nevada","2009",261,1591.151,7.1180681647938697,10871066.48,"06057","06","057"
"CA","Orange","2009",1930,17132.219,8.8036895123703377,122128630.47,"06059","06","059"
"CA","Placer","2009",908,6079.368,7.3330355245768409,42710643.6586,"06061","06","061"
"CA","Plumas","2009",7,32.59,7.1232370271285714,232733.86,"06063","06","063"
"CA","Riverside","2009",1646,40030.083,8.097628997497628,129760725.91,"06065","06","065"
"CA","Sacramento","2009",839,14460.084046958,8.9127158873271949,50000547.78,"06067","06","067"
"CA","San Benito","2009",49,329.532,7.3192384036346939,2373461.24,"06069","06","069"
"CA","San Bernardino","2009",793,22089.0545427,7.9830226543040712,141712943.17,"06071","06","071"
"CA","San Diego","2009",4710,48160.735947898,7.8404842448039819,315106895.5589,"06073","06","073"
"CA","San Luis Obispo","2009",598,5328.008,7.527644054743311,35968212.92,"06079","06","079"
"CA","San Mateo","2009",646,6032.859,8.1121943521776744,39229231.83505,"06081","06","081"
"CA","Santa Barbara","2009",545,3730.7864103,6.9853079828658627,26568268.09,"06083","06","083"
"CA","Santa Clara","2009",1958,32252.713663427,7.6914033384773633,189886641.2,"06085","06","085"
"CA","Santa Cruz","2009",535,3570.666,7.4050577693149533,25892261.47,"06087","06","087"
"CA","Shasta","2009",161,1225.737,7.6867198153425,8578661.91,"06089","06","089"
"CA","Solano","2009",544,7935.943509461,8.0239555391816176,56286058.02,"06095","06","095"
"CA","Sonoma","2009",1261,11893.674,7.3373382432145238,84150862.30937,"06097","06","097"
"CA","Stanislaus","2009",72,1081.134,7.2488875698225352,7453560.6,"06099","06","099"
"CA","Sutter","2009",82,1517.52,7.2758532091731707,9106045.04,"06101","06","101"
"CA","Tehama","2009",53,467.505,7.8177545008792453,3541208.86,"06103","06","103"
"DC","District of Columbia","2009",94,335.413,8.7955746978522222,2661111,"11001","11","001"
"CA","Tulare","2009",403,15151.673,6.4084085215884712,96199022.04,"06107","06","107"
"CA","Tuolumne","2009",62,453.655,8.0182898637596774,3491951.47,"06109","06","109"
"CA","Ventura","2009",553,6925.094,7.71013267809783,49656440.3,"06111","06","111"
"CT","Windham","2009",33,356.57,8.0383404860121212,2744134.35,"09025","09","025"
"CA","Yolo","2009",191,3725.206,7.3881350813571429,25754258.31,"06113","06","113"
"CA","Yuba","2009",70,449.119,7.53796026925,3237240.88,"06115","06","115"
"CO","Adams","2009",23,1701.94,6.3825,249208.66,"08001","08","001"
"CO","Alamosa","2009",1,2.464,6.44,15876.91,"08003","08","003"
"CO","Arapahoe","2009",63,315.115,6.97,1130371,"08005","08","005"
"CO","Boulder","2009",126,1893.428,7.0753846153846154,958913.32,"08013","08","013"
"CO","Chaffee","2009",12,37.52,7.9283333333333333,294907.27,"08015","08","015"
"CO","Conejos","2009",1,835,,,"08021","08","021"
"CO","Custer","2009",2,6.2,8.485,52055.74,"08027","08","027"
"CO","Delta","2009",2,9.22,9.03,83965,"08029","08","029"
"CO","Douglas","2009",9,55.235,6.3866666666666667,200747,"08035","08","035"
"CO","Elbert","2009",1,3.024,8.6,26000,"08039","08","039"
"CO","El Paso","2009",7,37.194,7.2114285714285714,270794.86,"08041","08","041"
"CO","Fremont","2009",1,3.15,7.92,24957.84,"08043","08","043"
"CO","Garfield","2009",10,52.09,7.066,340153.98,"08045","08","045"
"CO","Gilpin","2009",10,47.85,8.005,258056.78,"08047","08","047"
"CO","Gunnison","2009",1,5.4,12.07,65186,"08051","08","051"
"CO","Jefferson","2009",78,643.83,6.6315151515151515,1307908,"08059","08","059"
"CO","Larimer","2009",43,185.841,7.48325,1237141.56,"08069","08","069"
"CO","Mesa","2009",2,20,5.2,104000,"08077","08","077"
"CO","Montrose","2009",2,4.4,7.37,31724.14,"08085","08","085"
"CO","Ouray","2009",12,35.31,8.6358333333333333,300682.98,"08091","08","091"
"CO","Pueblo","2009",1,1000,,,"08101","08","101"
"CO","Rio Blanco","2009",3,4032.04,11.69,58941.39,"08103","08","103"
"CO","Routt","2009",1,11.04,12.5,138000,"08107","08","107"
"CO","Saguache","2009",8,19.66,10.63625,195435.13,"08109","08","109"
"CO","San Miguel","2009",6,19.88,9.9283333333333333,176930.7,"08047","08","047"
"CO","Summit","2009",1,2.1,7.17,15055,"08043","08","043"
"CO","Weld","2009",12,73.658,6.955,220300.2,"08123","08","123"
"DE","Kent","2009",59,362.247,7.6730211272,1877276.73,"10081","10","081"
"DE","New Castle","2009",265,2380.37,8.1851109135636752,17445156,"10003","10","003"
"DE","Sussex","2009",207,1361.325,7.8161611666535948,8425906.76,"10037","10","037"
"FL","Alachua","2009",166,2262.08,7.1721119540582781,13024783.56,"12001","12","001"
"FL","Baker","2009",2,11.208,8.01363995015,89228.04,"12001","12","001"
"FL","Bay","2009",3,17.975,6.1107041446333333,111936,"12017","12","017"
"FL","Bradford","2009",2,10.11,7.1542857143,72436.8,"12015","12","015"
"FL","Brevard","2009",30,2150.432,6.7861047747862069,7462000.66,"12009","12","009"
"FL","Broward","2009",29,148.185,7.9664774486821429,1138094.67,"12011","12","011"
"FL","Calhoun","2009",2,10.35,5.82705387205,60114,"12013","12","013"
"FL","Charlotte","2009",19,27706.976,7.4787041999368421,152993575.58,"12037","12","037"
"FL","Citrus","2009",5,31.68,7.52962203634,226500,"12017","12","017"
"FL","Clay","2009",4,43.58,7.710260770975,306886,"12021","12","021"
"FL","Collier","2009",15,102.62,8.0353815628857143,767920,"12021","12","021"
"FL","Columbia","2009",5,25.944,7.43218114164,186990.5,"12027","12","027"
"FL","Duval","2009",16,118.512,7.71796293655,872408.46,"12131","12","131"
"FL","Escambia","2009",8,43.08,6.73886271265,279306.33,"12053","12","053"
"FL","Flagler","2009",14,70.084,9.4852848797071429,592975,"12035","12","035"
"FL","Franklin","2009",2,5.64,9.96078431375,53900,"12047","12","047"
"FL","Gadsden","2009",3,36.64,6.2957769089333333,216160.31,"12039","12","039"
"FL","Gilchrist","2009",2,8.52,6.6007650463,56230.61,"12041","12","041"
"FL","Glades","2009",2,6.52,3.0687423313,20000,"12043","12","043"
"FL","Hamilton","2009",1,2.16,9.9305555556,21450,"12065","12","065"
"FL","Hendry","2009",1,5.16,7.7325581395,39900,"12051","12","051"
"FL","Hernando","2009",8,33.068,7.6372828698875,231246,"12053","12","053"
"FL","Highlands","2009",6,30.888,7.8238728597,241189.9,"12055","12","055"
"RI","Washington","2009",1,3.78,,,"44023","44","023"
"FL","Hillsborough","2009",16,68.795,7.3716598899533333,460470.62,"12011","12","011"
"FL","Holmes","2009",1,6.84,5.3257309942,36428,"12075","12","075"
"FL","Indian River","2009",3,15.5,6.8335716657666667,105620,"12061","12","061"
"FL","Jackson","2009",1,5.25,6.7013333333,35182,"12057","12","057"
"FL","Jefferson","2009",1,3.2,5.42875,17372,"12059","12","059"
"FL","Lake","2009",32,225.362,7.449938795096875,1784687.7,"12065","12","065"
"FL","Lee","2009",41,197.793,7.1172959711282051,1306809.99,"12077","12","077"
"FL","Leon","2009",25,146.61,7.333779100856,1043648.71,"12073","12","073"
"FL","Levy","2009",4,15.75,7.88757215005,121402,"12075","12","075"
"FL","Manatee","2009",16,71.304,8.18174153980625,578049,"12081","12","081"
"FL","Marion","2009",16,84.65,8.3299634387,707436.95,"12089","12","089"
"FL","Martin","2009",8,38.791,8.1581244671125,318323,"12091","12","091"
"FL","Miami-Dade","2009",8,36.346,9.322143430225,348457.28,"12086","12","086"
"FL","Monroe","2009",4,33.73,7.76915029525,269654.96,"12095","12","095"
"FL","Nassau","2009",6,25.085,7.8078175841166667,193343.12,"12059","12","059"
"FL","Okaloosa","2009",10,58.07,6.30549619865,365377.2,"12091","12","091"
"FL","Orange","2009",80,3755.554,8.0675427863453333,28393268.82,"12059","12","059"
"FL","Osceola","2009",14,126.528,7.3939930707384615,540192.01,"12097","12","097"
"FL","Palm Beach","2009",36,229.492,7.941370401225,1782388.7,"12099","12","099"
"FL","Pasco","2009",9,45.592,6.2910411302888889,285490.77,"12101","12","101"
"FL","Pinellas","2009",20,99.905,7.1217633991105263,641601.15,"12103","12","103"
"FL","Polk","2009",21,147.943,7.137997176395,1005380.35,"12095","12","095"
"FL","Putnam","2009",2,8.505,7.77777777775,65300,"12079","12","079"
"FL","Santa Rosa","2009",10,48.94,6.35195261764,301124.73,"12113","12","113"
"FL","Sarasota","2009",30,255.701,8.3980494358586207,1966937.85,"12115","12","115"
"FL","Seminole","2009",19,186.208,7.1841002385105263,1251880.2,"12133","12","133"
"FL","St. Johns","2009",10,50.564,7.69863850156,359447.2,"12109","12","109"
"FL","Sumter","2009",7,34.806,9.8473072557333333,252623,"12085","12","085"
"FL","Suwannee","2009",1,3.51,5.9829059829,21000,"12121","12","121"
"FL","Taylor","2009",1,5.25,5.9228571429,31095,"12091","12","091"
"FL","Volusia","2009",37,218.792,7.7650051375333333,1713305.21,"12127","12","127"
"FL","Wakulla","2009",1,5.22,6.4460766284,33648.52,"12129","12","129"
"FL","Walton","2009",3,13.86,7.764704806,109117.67,"12297","12","297"
"GA","Bryan","2009",1,132.48,,,"13013","13","013"
"GA","Chatham","2009",1,1.5,8.27,12400,"13037","13","037"
"GA","Fannin","2009",6,40.570000294,,,"13147","13","147"
"GA","Fayette","2009",1,98.7,6,,"13057","13","057"
"GA","Fulton","2009",2,12.65,7,,"13049","13","049"
"GA","Jenkins","2009",1,4,7.5,30000,"13165","13","165"
"GA","Union","2009",1,48.40000153,,,"13087","13","087"
"HI","Hawaii","2009",234,1466.97,9.615,32800,"15001","15","001"
"HI","Honolulu","2009",571,2547.58,6.34,685000,"15003","15","003"
"HI","Kauai","2009",93,772.71,,,"15007","15","007"
"HI","Maui","2009",316,4584.035,,,"15009","15","009"
"IA","Hardin","2009",1,5.6,11.57,64800,"19071","19","071"
"IA","Jefferson","2009",5,47,3.896,185043,"19059","19","059"
"IA","Linn","2009",2,13.5,5,67500,"19043","19","043"
"ID","Bannock","2009",1,2.58,14.73,38000,"16005","16","005"
"ID","Gem","2009",1,1.1,,,"16045","16","045"
"ID","Latah","2009",1,5,17,85000,"16057","16","057"
"IL","Boone","2009",3,3.86,8.0187762298,31635,"17011","17","011"
"IL","Champaign","2009",3,13.786,7.6888888889,105100,"17021","17","021"
"IL","Cook","2009",19,149.44,9.1959750836578947,1557023,"17031","17","031"
"IL","DeKalb","2009",2,4.205,9.73418367345,41750,"17049","17","049"
"IL","DuPage","2009",5,13.329,10.2913541949,110647,"17043","17","043"
"IL","Edgar","2009",1,1.23,6.13,7540,"17045","17","045"
"IL","Franklin","2009",2,4.24,7.47157894735,32126.8,"17047","17","047"
"IL","Jo Daviess","2009",2,8.204,7.44837729815,59510,"17085","17","085"
"IL","Kane","2009",1,5.7,8.8245614035,50300,"17025","17","025"
"IL","Kendall","2009",3,9.219,7.9375767115666667,68415,"17093","17","093"
"IL","LaSalle","2009",1,1,10.498,10498,"17099","17","099"
"IL","Lee","2009",2,6.2,8.42430921055,52963,"17077","17","077"
"IL","Macon","2009",2,10,8.8692142857,84861,"17087","17","087"
"IL","McDonough","2009",3,6.84,8.3243872549,58390,"17109","17","109"
"LA","Ascension","2009",2,7.44,7.34,,"22005","22","005"
"LA","Avoyelles","2009",2,12.6,7.245,,"22009","22","009"
"IL","Ogle","2009",1,4.2,7.0714285714,29700,"17141","17","141"
"IL","Peoria","2009",7,27.5,8.8068256707,221510,"17143","17","143"
"IL","Randolph","2009",1,2,10.2285,20457,"17083","17","083"
"IL","Rock Island","2009",1,2,9.5,19000,"17161","17","161"
"IL","Stephenson","2009",5,12.13,8.26783804376,97656,"17177","17","177"
"IL","Tazewell","2009",1,3.404,7.035840188,23950,"17185","17","185"
"IL","Whiteside","2009",1,1.9,8.2894736842,15750,"17195","17","195"
"IL","Will","2009",1,2.5,10.1,25250,"17197","17","197"
"IN","Carroll","2009",3,15.96,5.98,98300,"18015","18","015"
"IN","Elkhart","2009",7,39.52,4.86,83800,"18039","18","039"
"IN","Johnson","2009",1,3,12.24,36720,"18071","18","071"
"IN","Lake","2009",2,5.97,5.625,33300,"18065","18","065"
"IN","Marion","2009",2,9.05,8.15,33000,"18089","18","089"
"IN","Marshall","2009",4,21.93,8.2525,185299.6,"18095","18","095"
"IN","Miami","2009",1,10.75,7.93,85200,"18109","18","109"
"IN","Monroe","2009",17,34.205,9.645,34500,"18095","18","095"
"IN","Morgan","2009",1,4.95,,,"18087","18","087"
"IN","Rush","2009",1,3,10.24,30729.6,"18165","18","165"
"IN","Spencer","2009",3,26.9,8.24,147450,"18215","18","215"
"IN","Steuben","2009",2,17.83,5.32,56552,"18101","18","101"
"IN","Vanderburgh","2009",3,17,8.72,146810,"18163","18","163"
"IN","Vigo","2009",1,13.4,7.76,104000,"18167","18","167"
"KS","Geary","2009",1,2,,,"20061","20","061"
"KY","Christian","2009",1,2.07,,,"21043","21","043"
"KY","Hardin","2009",1,4.2,6.96,29222,"21071","21","071"
"KY","Hart","2009",1,4.18,4.81,20110,"21099","21","099"
"MA","Barnstable","2009",281,2008.169,8.172012362511032,15030879.47,"25001","25","001"
"MA","Bristol","2009",93,1204.136,7.9067131953602151,9097170.04,"25005","25","005"
"MA","Dukes","2009",32,193.07,10.842669180803125,1826484,"25007","25","007"
"MA","Essex","2009",137,1779.09,7.9062082589452555,12977972.98,"25057","25","057"
"MA","Franklin","2009",101,593.588,8.2321900666831683,4989359.96,"25047","25","047"
"MA","Hampshire","2009",110,702.56,8.0386130982654545,5622444.22,"25027","25","027"
"MA","Middlesex","2009",385,7033.326,8.5702307916337662,52043809.34,"25023","25","023"
"MA","Norfolk","2009",144,2286.729,7.9987804306671329,18905175.23,"25021","25","021"
"MA","Plymouth","2009",83,1003.15,8.1222885568493976,7627475,"25023","25","023"
"MA","Suffolk","2009",37,1538.02,10.3161331112297297,12558857.4,"25103","25","103"
"MA","Worcester","2009",161,1621.482,7.9293376002031056,12874933.15,"25047","25","047"
"MD","Allegany","2009",2,4,9.752,39016,"24003","24","003"
"MD","Anne Arundel","2009",155,1715.359,8.1412794836882353,5575990.41,"24003","24","003"
"MD","Baltimore","2009",175,1810.234,8.1914885163086207,6319681.26,"24005","24","005"
"MD","Calvert","2009",23,144.22,7.8052502962956522,1118275.2,"24009","24","009"
"MD","Caroline","2009",5,32.84,7.89500886284,258500,"24033","24","033"
"MD","Carroll","2009",86,448.94,7.6880740094418605,3378122.62,"24015","24","015"
"MD","Cecil","2009",28,150.85,7.5036982435035714,1109588.56,"24015","24","015"
"MD","Charles","2009",11,50.61,9.0664928054454545,449130,"24017","24","017"
"MD","Dorchester","2009",16,102.44,8.3798907099142857,486340,"24035","24","035"
"MD","Frederick","2009",48,294.265,8.4944318932893617,1972643.36,"24069","24","069"
"MD","Garrett","2009",4,8.7,10.0710176282,86240,"24023","24","023"
"MD","Howard","2009",215,1001.293,7.9016071170386047,7701858.21,"24061","24","061"
"MD","Montgomery","2009",503,2711.49,8.3724120513988,18540945.76,"24097","24","097"
"MD","Prince George's","2009",66,286.045,8.4497513657833333,2385843.28,"24033","24","033"
"MD","Queen Anne's","2009",34,168.72,7.7506743346205882,1243261.28,"24035","24","035"
"MD","Somerset","2009",8,35.8,8.6879385964875,307240,"24035","24","035"
"MD","St. Mary's","2009",11,51.26,7.7216072422818182,397412,"24037","24","037"
"MD","Talbot","2009",16,71.56,7.44788392856875,523065.68,"24041","24","041"
"MD","Washington","2009",58,941.272,7.7212522179614035,2468182.44,"24023","24","023"
"MD","Wicomico","2009",6,37.32,9.32047988875,352100,"24045","24","045"
"MD","Worcester","2009",17,100.16,7.3813777612764706,724780,"24047","24","047"
"ME","Hancock","2009",1,6.075,,,"23029","23","029"
"ME","Kennebec","2009",1,41,,,"23011","23","011"
"ME","Knox","2009",2,25.5,,,"23093","23","093"
"ME","Lincoln","2009",1,1.1,6.06,6668,"23073","23","073"
"ME","Sagadahoc","2009",1,4,5,20000,"23023","23","023"
"ME","York","2009",1,5.5,9.95,54701,"23091","23","091"
"MI","Allegan","2009",3,5.5,7.14,15000,"26005","26","005"
"MI","Berrien","2009",1,4.3,,,"26021","26","021"
"MI","Calhoun","2009",2,17.68,3.1,48608,"26013","26","013"
"MI","Cass","2009",1,3.15,5.4,17000,"26067","26","067"
"MI","Clinton","2009",1,4,,,"26035","26","035"
"MI","Genesee","2009",1,3.01,6.98,21000,"26037","26","037"
"MI","Grand Traverse","2009",3,23.032,7.695,61800,"26055","26","055"
"MI","Kent","2009",5,177.508,,,"26081","26","081"
"MI","Lapeer","2009",1,3.075,,,"26087","26","087"
"MI","Macomb","2009",1,1.3,,,"26099","26","099"
"MI","Marquette","2009",1,10.25,8.77,89915,"26077","26","077"
"MI","Mason","2009",1,1.2,,,"26053","26","053"
"MI","Oakland","2009",3,14.5,,,"26125","26","125"
"MI","St. Clair","2009",2,21.7,,,"26115","26","115"
"MI","Van Buren","2009",1,3.3,,,"26141","26","141"
"MI","Washtenaw","2009",1,2.28,7.46,17000,"26161","26","161"
"MI","Wayne","2009",3,9.66,5.74,54000,"26099","26","099"
"MN","Aitkin","2009",1,2.8,13.68,38300,"27001","27","001"
"MN","Anoka","2009",2,5.378,10.7016369048,28766,"27003","27","003"
"MN","Becker","2009",2,8.64,7.4206018519,32057,"27005","27","005"
"MN","Beltrami","2009",1,2.1,10.5057142857,22062,"27007","27","007"
"MN","Benton","2009",2,4.222,7.6538825758,16165,"27015","27","015"
"MN","Brown","2009",2,7.2,8.6111111111,31000,"27049","27","049"
"MN","Carlton","2009",7,47.29,10.0707562032,193880,"27017","27","017"
"MN","Cass","2009",2,4.2,7.8185714286,16419,"27067","27","067"
"MN","Chisago","2009",2,8.28,8.26869565215,68454,"27025","27","025"
"MN","Cook","2009",4,9.63,11.3837327776666667,63692,"27031","27","031"
"MN","Dakota","2009",16,64.28,9.34904125955,485358,"27043","27","043"
"MN","Goodhue","2009",3,21.539,11.37860338445,100806,"27049","27","049"
"MN","Hennepin","2009",22,206.84,8.76441429268,1227262,"27053","27","053"
"MN","Houston","2009",2,8.96,6.1991071429,27772,"27069","27","069"
"MN","Hubbard","2009",9,34.428,8.73007804232,160735,"27057","27","057"
"MN","Isanti","2009",1,6.8,8.75,59500,"27059","27","059"
"MN","Itasca","2009",4,13.14,9.6959349593,35778,"27061","27","061"
"MN","Kanabec","2009",1,5.18,6.9239382239,35866,"27065","27","065"
"MN","Marshall","2009",2,57.6,8.4737847222,244045,"27095","27","095"
"MN","Mille Lacs","2009",2,6.08,5.2407894737,15932,"27095","27","095"
"MN","Morrison","2009",1,3.15,,,"27097","27","097"
"MN","Mower","2009",3,8.785,11.11102564105,65057,"27099","27","099"
"MN","Olmsted","2009",7,26.632,8.20697624135,119015,"27109","27","109"
"MN","Otter Tail","2009",2,9.66,7.1561441799,54100.45,"27111","27","111"
"MN","Pine","2009",1,2,,,"27115","27","115"
"MN","Ramsey","2009",7,55.235,8.58573019015,302154,"27071","27","071"
"MN","Redwood","2009",7,28.68,8.5,100080,"27127","27","127"
"MN","Scott","2009",1,6.72,8.4011904762,56456,"27127","27","127"
"MN","Stearns","2009",7,417.86,10.74462254902,3023594,"27145","27","145"
"MN","St. Louis","2009",15,61.93,10.3308548629888889,304179,"27189","27","189"
"MN","Todd","2009",3,10.455,6.0630532972,33559,"27121","27","121"
"MN","Wabasha","2009",5,30.13,11.561759920625,193644,"27157","27","157"
"MN","Waseca","2009",3,9.005,12.0324786325,35195,"27161","27","161"
"MN","Washington","2009",9,42.918,10.1236210649666667,255664.75,"27023","27","023"
"MN","Winona","2009",4,23.138,9.9518539186666667,142523,"27169","27","169"
"MN","Wright","2009",1,1.075,9.3953488372,10100,"27229","27","229"
"MO","Boone","2009",2,7.3,10,50000,"29011","29","011"
"MO","Buchanan","2009",1,3,,,"29027","29","027"
"MO","Clay","2009",1,1.73,,,"29021","29","021"
"MO","Cole","2009",1,4.2,7.5,31500,"29051","29","051"
"MO","Franklin","2009",1,3.51,,,"29047","29","047"
"MO","Gasconade","2009",1,3.9,5.64,22000,"29073","29","073"
"MO","Iron","2009",1,2.25,,,"29051","29","051"
"MO","Lafayette","2009",1,10,,,"29073","29","073"
"MO","Montgomery","2009",1,1.8,,,"29097","29","097"
"MO","Phelps","2009",1,8,,,"29137","29","137"
"MO","St. Charles","2009",1,45.43,,,"29183","29","183"
"MO","Ste. Genevieve","2009",1,2.8,,,"29186","29","186"
"MO","St. Louis","2009",10,24.51,8.57,18000,"29189","29","189"
"MO","Washington","2009",1,1.8,,,"29023","29","023"
"MS","Lee","2009",1,5,6,30000,"28077","28","077"
"MS","Lowndes","2009",1,3.2,6.09,19500,"28085","28","085"
"MS","Madison","2009",3,19.599999619,9.05,103880,"28087","28","087"
"MS","Pontotoc","2009",2,3.7,6.07,10320,"28123","28","123"
"MS","Rankin","2009",1,2.8,8.6,24080,"28121","28","121"
"NC","Buncombe","2009",3,14.06,,,"37021","37","021"
"NC","Cherokee","2009",1,10,,,"37019","37","019"
"NC","Chowan","2009",1,4.62,6.32,29218,"37041","37","041"
"NC","Haywood","2009",2,452,,,"37075","37","075"
"NC","Henderson","2009",1,1.8,,,"37077","37","077"
"NC","Jackson","2009",1,3.15,,,"37057","37","057"
"NC","Madison","2009",1,3.8,,,"37087","37","087"
"NC","Mecklenburg","2009",1,8.4,,,"37117","37","117"
"NC","Swain","2009",1,7.2,,,"37173","37","173"
"NC","Transylvania","2009",1,1.89,,,"37175","37","175"
"NC","Wake","2009",1,250,,,"37183","37","183"
"NC","Yancey","2009",1,4.6,8.26,38000,"37199","37","199"
"NE","Lancaster","2009",1,4.2,,,"31057","31","057"
"NH","Belknap","2009",32,105.4,5.5877218269375,559189.78,"33001","33","001"
"NH","Carroll","2009",38,132.212,5.2251324830947368,665386,"33015","33","015"
"NH","Cheshire","2009",45,123.952,6.15061750736,751820.43,"33005","33","005"
"NH","Coos","2009",8,16.68,5.0391741071375,66018,"33011","33","011"
"NH","Grafton","2009",36,99.1,5.7057958740388889,539502.28,"33009","33","009"
"NH","Hillsborough","2009",42,182.7,6.04338284497,964593.66,"33011","33","011"
"NH","Merrimack","2009",37,138.28,6.34493770715,788949.44,"33013","33","013"
"NH","Rockingham","2009",42,113,5.7537681679214286,640396.84,"33015","33","015"
"NH","Strafford","2009",27,70.308,6.2836802096740741,425365.46,"33017","33","017"
"NH","Sullivan","2009",43,108.13,6.417832338927907,664864,"33019","33","019"
"NJ","Atlantic","2009",139,7104.784,7.640071111080916,27025059.35,"34001","34","001"
"NJ","Bergen","2009",65,2459.859,8.25066615162,9657107,"34003","34","003"
"NJ","Burlington","2009",142,3904.186,7.8098977219455224,19816778.66,"34005","34","005"
"NJ","Camden","2009",55,1015.581,8.2096657091056604,5066506.3,"34029","34","029"
"NJ","Cape May","2009",49,569.117,7.9990728072918367,4999657.79,"34009","34","009"
"NJ","Cumberland","2009",26,474.37,7.9236496069307692,3899159.8,"34049","34","049"
"NJ","Essex","2009",37,1383.54,8.1181376601,2465189.28,"34057","34","057"
"NJ","Gloucester","2009",47,676.704,8.3583552064840909,6038350.2,"34073","34","073"
"NJ","Hudson","2009",34,8737.198,8.6591087425411765,15006187.8,"34017","34","017"
"NJ","Hunterdon","2009",76,4006.792,7.9233008821180556,5536061.82,"34019","34","019"
"NJ","Mercer","2009",107,6189.801,7.9581941150186813,16337489.9,"34055","34","055"
"NJ","Middlesex","2009",96,9797.601,7.9777821422,17897984.85,"34023","34","023"
"NJ","Monmouth","2009",166,2582.814,7.9749887589313333,12890395.6,"34025","34","025"
"NJ","Morris","2009",75,8689.499,7.7666548946377049,12687654.21,"34027","34","027"
"NJ","Ocean","2009",144,4509.102,8.0980505335954198,20753389.22,"34029","34","029"
"NJ","Passaic","2009",30,2187.834,8.037455787956,3146355.19,"34031","34","031"
"NJ","Salem","2009",32,1109.266,7.7830296641068966,5201877.75,"34033","34","033"
"NJ","Somerset","2009",82,6578.111,8.0143519397084507,6665600.95,"34035","34","035"
"NJ","Sussex","2009",23,297.465,7.5796013774952381,2114041.55,"34037","34","037"
"NJ","Union","2009",44,4413.032,7.9207044814526316,17160742,"34087","34","087"
"NM","Bernalillo","2009",234,873.775,7.6955773871504274,6512542.86,"35001","35","001"
"NM","Colfax","2009",1,3.5,11.06,38706,"35037","35","037"
"NM","DoÂ±a Ana","2009",72,250.942,7.9862901515,1925371.35,"35013","35","013"
"NM","Eddy","2009",1,4.725,7.35,34711.74,"35027","35","027"
"NM","Grant","2009",20,67.885,8.828782356815,530534.24,"35053","35","053"
"NM","Guadalupe","2009",1,4.59,8.6320261438,39621,"35019","35","019"
"NM","Lincoln","2009",3,10.72,8.28,90158.37,"35073","35","073"
"NM","Luna","2009",3,22.67,10.1074797178,234062.13,"35029","35","029"
"NM","Mora","2009",1,30.625,1.0580244898,32402,"35033","35","033"
"NM","Otero","2009",15,51.088,7.56051566864,381876.12,"35089","35","089"
"NM","Quay","2009",1,6.12,8.25,50490,"35037","35","037"
"NM","Rio Arriba","2009",3,18.94,9.6641518518666667,58907.44,"35039","35","039"
"NM","Sandoval","2009",36,156.854,8.4402742119638889,1243405.76,"35043","35","043"
"NM","San Juan","2009",4,12.28,5.777371794875,67888.78,"35055","35","055"
"NM","San Miguel","2009",7,22.69,10.2630510940571429,221549.55,"35047","35","047"
"NM","Santa Fe","2009",101,410.263,8.8195210134128713,3488570.34,"35049","35","049"
"NM","Sierra","2009",2,10.06,8.69977961435,80259,"35091","35","091"
"NM","Taos","2009",9,22.73,12.5900661635555556,241779.57,"35055","35","055"
"AL","Jackson","2009",2,8.4,3.43,28800,"01057","01","057"
"NM","Union","2009",1,5.6,6.1712178571,34558.82,"35087","35","087"
"NM","Valencia","2009",12,40.11,7.9448352730833333,321735.59,"35061","35","061"
"NV","Churchill","2009",4,90.672,8.8331558721,798152,"32001","32","001"
"NV","Clark","2009",192,1247.650156086,7.1632737503598958,8530628,"32019","32","019"
"NV","Douglas","2009",40,278.857943569,9.3239533183875,2333066,"32035","32","035"
"NV","Lyon","2009",2,8.754,10.58485690235,91996,"32019","32","019"
"NV","Nye","2009",1,2.58,10.89,28101,"32023","32","023"
"NV","Storey","2009",12,60.402,8.7054790558083333,527442,"32029","32","029"
"NV","Washoe","2009",140,1831.71858549,8.7630809831885714,13815690,"32031","32","031"
"NY","Albany","2009",111,641.904596,8.7113457121594595,5324247.38,"36001","36","001"
"NY","Allegany","2009",8,42.1221435,9.318106986825,374976.78,"36003","36","003"
"NY","Broome","2009",30,168.077539,9.3507964685866667,1500257.8,"36007","36","007"
"NY","Cattaraugus","2009",4,18.48,8.440386904775,156086,"36009","36","009"
"NY","Cayuga","2009",28,179.0854175,8.5995895451892857,1520324.48,"36011","36","011"
"NY","Chautauqua","2009",14,66.118812,8.3325255291,548771.68,"36013","36","013"
"NY","Chemung","2009",10,49.348871,9.59132773376,457433.96,"36015","36","015"
"NY","Clinton","2009",18,137.175878,10.5941347418555556,1484362,"36035","36","035"
"NY","Columbia","2009",107,670.172947,9.3479628583934579,6103068.08,"36027","36","027"
"NY","Cortland","2009",2,10.5,6.76924761905,71069.2,"36023","36","023"
"NY","Delaware","2009",19,143.9279335,9.4999146296842105,1324547.72,"36045","36","045"
"NY","Dutchess","2009",93,631.106964,9.031750940988172,5641368.18,"36027","36","027"
"NY","Erie","2009",61,724.757022,7.6756435669590164,5274458.28,"36049","36","049"
"NY","Essex","2009",32,133.17971358,9.829215000065625,1305469.98,"36057","36","057"
"NY","Franklin","2009",4,17.43342,9.417076365675,164464,"36047","36","047"
"NY","Fulton","2009",2,6.99032,9.32684210525,64704,"36049","36","049"
"NY","Genesee","2009",3,13.86,7.0221687242666667,96805.7,"36037","36","037"
"NY","Greene","2009",22,164.2583715,9.1112418451909091,1486744.98,"36055","36","055"
"NY","Jefferson","2009",7,38.700392,9.3481874801714286,366939.64,"36059","36","059"
"NY","Kings","2009",34,358.375228,9.6662015882705882,3084813.82,"36031","36","031"
"NY","Lewis","2009",2,10.48548,8.68409122805,90381.28,"36041","36","041"
"NY","Livingston","2009",14,137.01294,8.8766664115571429,978691.72,"36051","36","051"
"NY","Madison","2009",12,64.296508,8.8542847570416667,556968.98,"36087","36","087"
"NY","Monroe","2009",46,308.145986,7.9509738878543478,2240824.52,"36095","36","095"
"NY","Montgomery","2009",14,68.1034655,9.28111163305,592684.8,"36097","36","097"
"NY","Nassau","2009",217,1409.44,7.9107737457195238,10433610.2,"36059","36","059"
"NY","Oneida","2009",12,149.3532745,9.0413783284916667,1257907,"36085","36","085"
"NY","Onondaga","2009",26,161.7618465,8.6813620254846154,1308591.54,"36067","36","067"
"NY","Ontario","2009",14,68.691194,8.3000730920357143,528848.92,"36069","36","069"
"NY","Orange","2009",86,790.413498972,8.5125574568767442,6627572.72,"36059","36","059"
"NY","Orleans","2009",8,31.5887615,7.4055803259,235460.92,"36019","36","019"
"NY","Oswego","2009",6,51.316824,7.7197974489166667,401134,"36075","36","075"
"NY","Otsego","2009",14,73.0072175,9.2674773412642857,666912.5,"36077","36","077"
"NY","Putnam","2009",24,182.9841995,9.5745003310083333,1674011.88,"36079","36","079"
"NY","Rensselaer","2009",62,470.5776265,8.3113212481,3507567,"36083","36","083"
"NY","Richmond","2009",10,253.361777,10.26056150794,2390025,"36159","36","159"
"NY","Rockland","2009",33,215.372292,8.8425862098151515,1863515.84,"36087","36","087"
"NY","Saratoga","2009",66,334.851225,8.7964104354363636,2897308.68,"36091","36","091"
"NY","Schenectady","2009",13,119.798905,8.2871866993384615,987438,"36093","36","093"
"NY","Schoharie","2009",10,56.01576,8.42793673643,449620,"36095","36","095"
"NY","Seneca","2009",6,38.901508,9.4585219055666667,356358.16,"36099","36","099"
"NY","Steuben","2009",8,42.250996,8.901464906925,368175.38,"36101","36","101"
"NY","St. Lawrence","2009",6,46.98928,9.8071252965166667,475977.52,"36089","36","089"
"NY","Suffolk","2009",548,3859.14,7.6601729914056926,28705258.9,"36103","36","103"
"AL","Lauderdale","2009",1,3,7.5,22500,"01077","01","077"
"AL","Lee","2009",2,2.65,8.245,22237,"01077","01","077"
"AL","Limestone","2009",1,3,7.5,22500,"01083","01","083"
"AL","Madison","2009",1,3.150000095,,,"01087","01","087"
"AL","Morgan","2009",1,1.5,7.5,11250,"01087","01","087"
"AL","Russell","2009",1,6,8.33,50000,"01113","01","113"
"AR","Benton","2009",3,7.88,,,"05015","05","015"
"NY","Sullivan","2009",22,288.629138,8.6657168685136364,2504271.94,"36019","36","019"
"NY","Tioga","2009",8,65.439672,8.60550939985,558448.78,"36117","36","117"
"NY","Tompkins","2009",34,171.693916,10.3164332985882353,1668599.78,"36109","36","109"
"NY","Ulster","2009",145,1115.64999011,9.0990413233289655,9737504.86,"36111","36","111"
"NY","Warren","2009",20,91.8575695,9.08511570608,806048.32,"36041","36","041"
"NY","Washington","2009",26,143.372570455,8.76055779805,1187249.58,"36023","36","023"
"NY","Wayne","2009",6,23.999604,7.5664563939,171560,"36099","36","099"
"NY","Westchester","2009",143,1767.49309375,9.006335909806383,15818507.24,"36119","36","119"
"NY","Wyoming","2009",2,9.479604,9.075,85680,"36109","36","109"
"NY","Yates","2009",8,40.333572,9.0446638223,363585.56,"36123","36","123"
"OH","Athens","2009",5,107.7,,,"39009","39","009"
"OH","Belmont","2009",2,12.584,,,"39013","39","013"
"OH","Butler","2009",6,81.16,,,"39013","39","013"
"OH","Clark","2009",2,43.2,8.01,328790,"39019","39","019"
"OH","Clermont","2009",4,14.185,,,"39025","39","025"
"OH","Crawford","2009",1,5.15,,,"39033","39","033"
"OH","Cuyahoga","2009",12,99.192,8.3975,461627,"39035","39","035"
"OH","Delaware","2009",2,8.32,11.53,49218,"39045","39","045"
"OH","Fairfield","2009",1,2.72,,,"39039","39","039"
"OH","Fayette","2009",1,20,9.61,192250,"39057","39","057"
"OH","Franklin","2009",10,106.4,7.4475,397534,"39047","39","047"
"OH","Gallia","2009",1,42.72,6.67,285000,"39053","39","053"
"OH","Geauga","2009",3,41.97,9.09,27173,"39055","39","055"
"OH","Greene","2009",1,2.272,,,"39055","39","055"
"OH","Hamilton","2009",15,140.322,13.96,31000,"39065","39","065"
"OH","Highland","2009",1,5.25,,,"39091","39","091"
"OH","Jackson","2009",2,66.2,,,"39057","39","057"
"OH","Logan","2009",2,40,25,500000,"39075","39","075"
"OH","Lorain","2009",1,3.9,,,"39093","39","093"
"OH","Lucas","2009",2,1080,5.52,552000,"39095","39","095"
"PR","San Juan","2009",1,260,7.64,1987500,"72055","72","055"
"PR","Gurabo","2009",1,15,7.47,112000,"72063","72","063"
"PR","Guaynabo","2009",1,8,7.5,60000,"72061","72","061"
"OH","Ottawa","2009",1,1.4,8.58,12009.79,"39115","39","115"
"OH","Perry","2009",1,2.6,6.36,16530,"39099","39","099"
"OH","Preble","2009",2,34.96,,,"39135","39","135"
"OH","Putnam","2009",1,10.8,,,"39079","39","079"
"OH","Richland","2009",3,14.18,5.51,41294.57,"39079","39","079"
"OH","Summit","2009",3,65.8,6.95,72957,"39043","39","043"
"OH","Trumbull","2009",1,3.168,,,"39155","39","155"
"OH","Warren","2009",3,12.232,,,"39041","39","041"
"OH","Washington","2009",1,10.226,,,"39023","39","023"
"OH","Wayne","2009",1,4.1,,,"39099","39","099"
"OK","Cleveland","2009",1,1.5,7.67,11500,"40025","40","025"
"OK","Murray","2009",1,1.56,11.72,18276,"40099","40","099"
"OR","Baker","2009",5,15.34,9.58432518386,155331,"41001","41","001"
"OR","Benton","2009",7,24.052,7.3696464714,165300,"41015","41","015"
"OR","Clackamas","2009",11,517.384,5.9625120773,2639435,"41005","41","005"
"OR","Clatsop","2009",1,2.52,8.3845238095,21129,"41007","41","007"
"OR","Crook","2009",7,20.5,7.6486022562428571,153490,"41011","41","011"
"OR","Douglas","2009",1,3.04,6.7263157895,20448,"41035","41","035"
"OR","Grant","2009",3,8.98,10.7372425722333333,79679,"41053","41","053"
"OR","Harney","2009",1,2.1,6.1904761905,13000,"41025","41","025"
"OR","Hood River","2009",4,70.136,7.472496843425,492025,"41027","41","027"
"OR","Jackson","2009",9,111.76,7.0830132342125,369784,"41057","41","057"
"OR","Klamath","2009",5,60.375,7.3283333333333333,253879,"41035","41","035"
"OR","Lane","2009",31,253.26,8.380483731862069,1758705,"41039","41","039"
"AR","Crawford","2009",3,9.48,,,"05033","05","033"
"OR","Linn","2009",5,16.3,8.4034963705,142453,"41043","41","043"
"OR","Morrow","2009",1,57.75,7.05,406953,"41049","41","049"
"OR","Multnomah","2009",11,1352.358,6.4733333333333333,6776829,"41051","41","051"
"OR","Polk","2009",4,92.54,6.768331349225,593028,"41095","41","095"
"OR","Umatilla","2009",1,5.04,7,35280,"41059","41","059"
"OR","Union","2009",2,5.67,7.36825396825,41530,"41087","41","087"
"OR","Wasco","2009",2,14.78,6.0023712737,88695,"41065","41","065"
"OR","Washington","2009",7,259.63,7.911583333325,331015,"41023","41","023"
"OR","Wheeler","2009",1,1.05,,,"41069","41","069"
"OR","Yamhill","2009",1,49.7,8.14,404646,"41071","41","071"
"PA","Adams","2009",12,86.45,7.4769900602333333,635722.24,"42001","42","001"
"PA","Allegheny","2009",8,16.68,9.4948900384125,157529.24,"42003","42","003"
"PA","Beaver","2009",5,19.05,8.3875952381,166700,"42001","42","001"
"PA","Bedford","2009",3,71.04,11.2271618357333333,594530,"42019","42","019"
"PA","Berks","2009",32,378.638,7.6887390438322581,1937287.28,"42011","42","011"
"PA","Bradford","2009",3,21.28,7.5988359788333333,157500,"42015","42","015"
"PA","Carbon","2009",8,58.228,7.0197244263625,398250,"42025","42","025"
"PA","Centre","2009",19,115.016,7.2580383499789474,834448.02,"42027","42","027"
"PA","Chester","2009",82,545.638,7.8209425482817073,4299282.46,"42023","42","023"
"PA","Clinton","2009",2,4.2,7.83166666665,32900,"42035","42","035"
"PA","Columbia","2009",4,26.52,7.81143371545,204940,"42027","42","027"
"PA","Crawford","2009",2,6.84,4.97073099415,34004.8,"42033","42","033"
"PA","Cumberland","2009",47,988.01,6.8711709194533333,3701512.33,"42049","42","049"
"PA","Dauphin","2009",27,239.58,7.3786084345592593,1747127.02,"42043","42","043"
"PA","Delaware","2009",26,125.312,8.5046533100346154,1035571.76,"42045","42","045"
"PA","Erie","2009",5,32.4,7.78,261882,"42049","42","049"
"PA","Franklin","2009",11,57.09,8.4669365190363636,476257.52,"42047","42","047"
"PA","Huntingdon","2009",2,10.5,7.9823809524,83840,"42061","42","061"
"PA","Lackawanna","2009",14,139.992,7.63593781495,1131246,"42069","42","069"
"PA","Lancaster","2009",41,500.07,7.7136238378902439,3334229.46,"42057","42","057"
"PA","Lebanon","2009",22,226.51,7.52330179994,1514990.36,"42075","42","075"
"PA","Lehigh","2009",34,197.098,7.7551937975235294,1490371,"42077","42","077"
"PA","Luzerne","2009",21,164.78,7.6683198358714286,1272740,"42079","42","079"
"PA","Lycoming","2009",8,39.1,7.5951613918,288270,"42081","42","081"
"PA","Monroe","2009",16,94.136,8.22980237978125,788621.92,"42095","42","095"
"PA","Montgomery","2009",81,1873.848,7.4278120049790123,12280228.9,"42097","42","097"
"PA","Montour","2009",2,6.48,7.4087037037,48000,"42093","42","093"
"PA","Northampton","2009",10,47.4,7.67197378306,363138.74,"42095","42","095"
"PA","Northumberland","2009",6,27.56,6.17975519635,178655.16,"42097","42","097"
"PA","Perry","2009",8,74.28,8.38969871785,623215.7,"42099","42","099"
"PA","Pike","2009",6,41.1,7.64749354005,313454,"42109","42","109"
"PA","Schuylkill","2009",14,127.56,7.4005119880214286,887825.12,"42107","42","107"
"PA","Snyder","2009",3,22.48,8.6883950617333333,195016,"42109","42","109"
"PA","Somerset","2009",2,17.6,6.6789403409,117530.7,"42035","42","035"
"PA","Sullivan","2009",2,6.3,7.9380952381,49998,"42019","42","019"
"PA","Susquehanna","2009",2,20.16,6.8505952381,138120,"42115","42","115"
"PA","Tioga","2009",4,17.52,7.786810035825,134228,"42117","42","117"
"PA","Washington","2009",6,56.4,7.53995625,449906.26,"42023","42","023"
"PA","Wayne","2009",12,124.644,5.979936890725,733419.9,"42099","42","099"
"PA","Westmoreland","2009",2,4,9.579625,38317,"42193","42","193"
"PA","York","2009",44,246.308,7.8237609594568182,1928010.08,"42091","42","091"
"SC","Abbeville","2009",2,4.016,,,"45001","45","001"
"SC","Allendale","2009",1,5.06,,,"45005","45","005"
"SC","Anderson","2009",3,12.68,,,"45001","45","001"
"SC","Beaufort","2009",4,16.13,,,"45013","45","013"
"SC","Berkeley","2009",1,1.56,,,"45015","45","015"
"SC","Charleston","2009",9,24.84,10.0275,125400,"45019","45","019"
"SC","Edgefield","2009",1,6.21,,,"45037","45","037"
"SC","Georgetown","2009",1,10,,,"45043","45","043"
"SC","Greenville","2009",7,14.791,,,"45045","45","045"
"SC","Hampton","2009",1,13.8,,,"45049","45","049"
"SC","Horry","2009",2,8.15,7,35000,"45051","45","051"
"SC","Kershaw","2009",1,3,,,"45055","45","055"
"SC","Laurens","2009",2,7.955,,,"45059","45","059"
"SC","Lexington","2009",2,8.1,,,"45063","45","063"
"SC","Marlboro","2009",1,2,,,"45069","45","069"
"SC","Oconee","2009",3,7.73,,,"45073","45","073"
"SC","Pickens","2009",2,4.785,,,"45077","45","077"
"SC","Richland","2009",5,13.825,,,"45079","45","079"
"SC","Spartanburg","2009",2,8.901,,,"45083","45","083"
"SC","York","2009",2,37.14,,,"45091","45","091"
"TN","Bedford","2009",2,7.82,,,"47019","47","019"
"TN","Blount","2009",4,18.416000318,4.91,28000,"47009","47","009"
"TN","Bradley","2009",1,2,,,"47011","47","011"
"TN","Cheatham","2009",4,22.909999781,,,"47021","47","021"
"TN","Chester","2009",1,0.54,12.96,7000,"47023","47","023"
"TN","Coffee","2009",2,4.94,,,"47031","47","031"
"TN","Cumberland","2009",1,4.369999886,,,"47049","47","049"
"TN","Davidson","2009",8,57.890000095,6.52,45000,"47057","47","057"
"TN","Fayette","2009",2,33.11999947,,,"47057","47","057"
"TN","Franklin","2009",1,2.799999952,,,"47047","47","047"
"TN","Hamilton","2009",5,24.540000114,,,"47065","47","065"
"TN","Hancock","2009",1,4.300000191,,,"47029","47","029"
"TN","Hardin","2009",2,19.04,7.72,100000,"47071","47","071"
"CA","Alameda","2009",1054,10563.4106342,8.0302367569073124,79870220.95,"06001","06","001"
"CA","San Joaquin","2009",529,5286.9173809,7.6633041846112266,34114126.46462,"06077","06","077"
"DC","","2009",1,14.06,,,"11001","11","001"
"DC","DC","2009",195,1023.189,8.7925850340136054,4345599,"11001","11","001"
"CA","Trinity","2009",2,6.3,9.5,59850,"06105","06","105"
"FL","St. Lucie","2009",12,50.6,7.6950020064666667,390173,"12111","12","111"
"IL","Lake","2009",5,21.1,10.57029166666,195027,"17065","17","065"
"IL","McHenry","2009",4,16.02,7.9288409091,133586,"17049","17","049"
"IL","McLean","2009",1,2.609,10.3928708317,27115,"17055","17","055"
"IL","Moultrie","2009",1,5,6.8254,34127,"17139","17","139"
"IL","Williamson","2009",1,3.15,10.2085714286,32157,"17491","17","491"
"IL","Winnebago","2009",1,3.2,7.560625,24194,"17139","17","139"
"IL","Woodford","2009",3,12.4,8.7866874628666667,110305,"17239","17","239"
"IN","Allen","2009",1,7.8,1.8,14048.35,"18003","18","003"
"IN","Hamilton","2009",1,4,8.11,32427,"18065","18","065"
"IN","Hancock","2009",1,4.2,,,"18029","18","029"
"IN","Howard","2009",1,2.5,,,"18061","18","061"
"IN","Porter","2009",1,1.36,,,"18127","18","127"
"MD","Harford","2009",69,364.018,8.1852076653724638,2605563.5,"24025","24","025"
"MN","Blue Earth","2009",2,2,11.5,11500,"27013","27","013"
"MN","Polk","2009",1,4,,,"27095","27","095"
"NJ","Warren","2009",31,481.29,8.4363484805083333,2322257.1,"34041","34","041"
"NV","Elko","2009",5,37.849,6.01585380668,219326,"32007","32","007"
"NV","Humboldt","2009",2,5.515,8.25630718955,44998,"32023","32","023"
"NY","Chenango","2009",2,18.873864,8.7307699805,163576,"36017","36","017"
"OH","Mahoning","2009",3,27.872,,,"39099","39","099"
"OH","Medina","2009",4,18.125,6.2,52802,"39325","39","325"
"OH","Meigs","2009",1,4.6,,,"39121","39","121"
"OR","Deschutes","2009",7,17.43,7.3300840336142857,127260,"41017","41","017"
"OR","Marion","2009",1,101.66,5.89,598388,"41089","41","089"
"PA","Bucks","2009",80,651.432,7.7978178872275,4961113.66,"42017","42","017"
"TN","Hickman","2009",3,7.02,,,"47081","47","081"
"TN","Jackson","2009",2,6.249999905,,,"47057","47","057"
"TN","Jefferson","2009",3,35.040000057,,,"47059","47","059"
"TN","Knox","2009",5,70.02499962,7.1933333333333333,275200,"47093","47","093"
"TN","Lauderdale","2009",1,3.599999905,,,"47077","47","077"
"TN","Lawrence","2009",1,2,,,"47075","47","075"
"MO","","2009",1,2,,,"29","29",
"TX","","2009",1,15.3,,,"48","48",
"TX","Winkler","2009",1,1.12,6.55,7339,"48495","48","495"
"TN","Madison","2009",6,33.21,7.9525,146700,"47087","47","087"
"TN","Montgomery","2009",1,2.1,11.9,25000,"47097","47","097"
"TN","Morgan","2009",1,5.25,,,"47087","47","087"
"TN","Overton","2009",1,45.20000076,,,"47133","47","133"
"TN","Polk","2009",1,5.52,8.33,46000,"47095","47","095"
"TN","Putnam","2009",3,55.84000015,,,"47079","47","079"
"TN","Roane","2009",4,42.769999649,7.13,197500,"47087","47","087"
"TN","Robertson","2009",1,6.019999981,,,"47395","47","395"
"TN","Rutherford","2009",4,17.119999952,,,"47149","47","149"
"TN","Sevier","2009",1,9,,,"47041","47","041"
"TN","Shelby","2009",1,4,,,"47117","47","117"
"TN","Sullivan","2009",1,98,,,"47019","47","019"
"TN","Van Buren","2009",2,58.88000053,,,"47141","47","141"
"TN","Washington","2009",1,5.25,7.75,40665,"47023","47","023"
"TN","Williamson","2009",12,123.360000582,,,"47491","47","491"
"TN","Wilson","2009",1,4.300000191,,,"47493","47","493"
"TX","Anderson","2009",3,21.3,8.0987105263,136629.39,"48001","48","001"
"TX","Angelina","2009",2,11.7,6.02995726495,70550,"48005","48","005"
"TX","Bell","2009",24,171.802,6.8392490715833333,1122528.78,"48027","48","027"
"TX","Bexar","2009",42,404.16,7.7597532890724138,2509424.78,"48029","48","029"
"TX","Cameron","2009",1,4.1,5.7,23380,"48061","48","061"
"TX","Chambers","2009",1,10.15,4.98,50540,"48017","48","017"
"TX","Cherokee","2009",1,4.92,10.59,52100,"48019","48","019"
"TX","Collin","2009",29,225.567,7.5480443426607143,1422286.21,"48085","48","085"
"TX","Comal","2009",6,17.04,6.75631313132,98325,"48091","48","091"
"TX","Dallas","2009",35,271.649,8.4514592026382353,1300295.25,"48039","48","039"
"TX","Delta","2009",1,2.85,14.27,40670,"48029","48","029"
"TX","Denton","2009",14,151.91,7.4038944504571429,835578,"48121","48","121"
"TX","Duval","2009",1,5.18,6.99,36200,"48131","48","131"
"TX","Eastland","2009",1,3.15,7.23,22780,"48133","48","133"
"TX","Ector","2009",4,22.276,6.123808379125,136312,"48135","48","135"
"TX","Ellis","2009",12,76.85,6.7055707290333333,503880.29,"48045","48","045"
"TX","El Paso","2009",1,2.05,6.55,13423.58,"48041","48","041"
"AL","Chambers","2009",3,21.12,8.5933333333333333,175955,"01017","01","017"
"AL","Cleburne","2009",1,8,8.36,66917,"01023","01","023"
"TX","Grayson","2009",6,19.8,8.275,158054.98,"48077","48","077"
"TX","Hamilton","2009",1,9.75,7.37,71858,"48065","48","065"
"TX","Harris","2009",5,18.69,6.572,121726.8,"48201","48","201"
"TX","Henderson","2009",1,2.8,,,"48077","48","077"
"TX","Hill","2009",2,20.16,7.1,143160,"48041","48","041"
"TX","Hood","2009",2,8.98,7.47819397995,66359,"48221","48","221"
"TX","Hunt","2009",3,30,10.0081699346333333,300000,"48231","48","231"
"CO","Denver","2009",23,275.67,6.49,183937,"08031","08","031"
"MO","St. Louis City","2009",1,2.1,,,"29189","29","189"
"MD","Baltimore City","2009",15,42.66,8.0923635480133333,340815.88,"24510","24","510"
"MA","Nantucket","2009",2,4.05,12.49938271605,50620,"25019","25","019"
"MA","Hampden","2009",38,396.958,7.7332914062236842,3203639.2,"25013","25","013"
"MA","Berkshire","2009",80,1146.606,8.2997616832276316,8044735.32,"25003","25","003"
"TX","Jefferson","2009",2,19.705,7.19091319445,141173.41,"48059","48","059"
"NY","Queens","2009",36,447.374659658,9.6641378229944444,4459268.92,"36081","36","081"
"NY","New York","2009",13,234.282018,11.0226944716416667,2046378.5,"36061","36","061"
"NY","Bronx","2009",31,649.2191565,9.9449852437870968,6269246.7,"36005","36","005"
"TX","Lamar","2009",2,4.92,8.07,39724,"48075","48","075"
"TX","Lee","2009",1,2.38,7.75,18445,"48077","48","077"
"TX","McLennan","2009",5,63.086,8.6984347826,512880,"48309","48","309"
"TX","Medina","2009",12,66.82,6.2708236536090909,399270.44,"48325","48","325"
"TX","Montgomery","2009",4,24.72,6.307649527175,146545.06,"48097","48","097"
"TX","Nacogdoches","2009",3,31.68,6.6233333333333333,209465,"48347","48","347"
"TX","Navarro","2009",3,20.52,9.7633333333333333,198186,"48349","48","349"
"TX","Panola","2009",1,32,9.02,288678.57,"48365","48","365"
"TX","Parker","2009",6,38.397,8.3997448979666667,296369,"48367","48","367"
"TX","Robertson","2009",1,1.08,9.5,10260,"48395","48","395"
"TX","Rockwall","2009",2,11.888,6.695,82150,"48397","48","397"
"TX","Smith","2009",18,116.867,7.5776337448611111,772988,"48423","48","423"
"TX","Somervell","2009",3,24.76,8.3533333333333333,206568,"48425","48","425"
"TX","Tarrant","2009",36,399.934,7.6049193214472222,2639155.11,"48439","48","439"
"TX","Tom Green","2009",1,5.184,5.65,29289,"48451","48","451"
"TX","Travis","2009",546,3053.422,6.7129412263736264,19874899.94,"48453","48","453"
"TX","Upshur","2009",1,5.52,8.85,48836,"48097","48","097"
"TX","Waller","2009",1,215.6,6.03,1300000,"48473","48","473"
"TX","Williamson","2009",44,317.815,6.1950428555568182,1976931.73,"48491","48","491"
"TX","Wise","2009",6,42.19,6.23504232805,248555,"48195","48","195"
"UT","Cache","2009",4,11.24,8.465,85488.78,"49005","49","005"
"UT","Davis","2009",3,229.6,6.205,60632.88,"49011","49","011"
"UT","Emery","2009",1,4,6.69,26774.79,"49015","49","015"
"UT","Garfield","2009",1,2.15,6.95,14940,"49045","49","045"
"UT","Grand","2009",1,3.01,7.06,21249,"49049","49","049"
"UT","Kane","2009",1,2.16,8.13,17556.36,"49025","49","025"
"UT","Morgan","2009",1,2,10.44,20882.11,"49087","49","087"
"UT","Salt Lake","2009",24,126.895,7.9354166666666667,1111652.47,"49035","49","035"
"UT","Summit","2009",1,2.85,5.96,17000,"49043","49","043"
"UT","Tooele","2009",1,50,5,250000,"49045","49","045"
"UT","Utah","2009",2,4.36,9.33,40096.81,"49049","49","049"
"UT","Wasatch","2009",1,3.3,9.91,32718.83,"49051","49","051"
"UT","Washington","2009",6,20.35,7.6025,126641.89,"49023","49","023"
"VA","Bath","2009",1,3.1,9.41,29179,"51017","51","017"
"VA","Frederick","2009",1,4.12,8,32960,"51069","51","069"
"VA","Goochland","2009",1,3.3,12.82,42300,"51075","51","075"
"VA","Loudoun","2009",1,6.21,8,49680,"51107","51","107"
"VA","Norfolk","2009",1,3,10,30000,"51021","51","021"
"VA","Richmond","2009",1,3.2,10.77,34450,"51159","51","159"
"VA","Shenandoah","2009",1,1.8,8,14400,"51171","51","171"
"VT","Addison","2009",13,178.68,8.6590909090909091,209781.02,"50001","50","001"
"VT","Bennington","2009",9,58.9,7.4722222222222222,419871.99,"50003","50","003"
"VT","Caledonia","2009",7,24.1,9.2971428571428571,211274.1,"50005","50","005"
"VT","Chittenden","2009",28,110.54,8.8942857142857143,891124.38,"50007","50","007"
"VT","Franklin","2009",4,22.3,7.39,159740,"50047","50","047"
"VT","Grand Isle","2009",2,3.9,9.9,41272.6,"50013","50","013"
"VT","Lamoille","2009",4,18.675,7.78,136832.33,"50015","50","015"
"VT","Orange","2009",16,112.5,7.7146666666666667,412728.8,"50059","50","059"
"VT","Orleans","2009",7,28.5,8.8928571428571429,248305.86,"50019","50","019"
"VT","Rutland","2009",9,22.74,9.4577777777777778,176145.2,"50021","50","021"
"WA","Pierce","2009",1,0.7,6.04,4230,"53093","53","093"
"WA","Franklin","2009",2,5.57,7.535,43000,"53047","53","047"
"WA","King","2009",5,19.965,6.124,123600,"53033","53","033"
"WA","Kittitas","2009",1,500,,,"53037","53","037"
"WA","Klickitat","2009",9,20.646,12.3455555555555556,217310,"53039","53","039"
"WA","Walla Walla","2009",2,6.65,9.69,65116,"53071","53","071"
"WA","Yakima","2009",1,1.29,6,7740,"53077","53","077"
"WI","Ashland","2009",2,4.2,9.6488095238,40520,"55003","55","003"
"WI","Bayfield","2009",4,8.24,11.8484433171,104872.32,"55007","55","007"
"WI","Brown","2009",6,23.232,10.48776595745,226218.3,"55049","55","049"
"WI","Burnett","2009",1,4.05,9.2562962963,37488,"55013","55","013"
"WI","Calumet","2009",3,12.72,9.7368292683,121980,"55015","55","015"
"WI","Columbia","2009",6,39.168,7.5196209490666667,332002,"55027","55","027"
"WI","Crawford","2009",12,90.36,8.427400003675,800524.89,"55033","55","033"
"WI","Dane","2009",98,626.154,8.5297629936173469,5188872.67,"55025","55","025"
"WI","Dodge","2009",14,109.32,8.9533651921785714,924622,"55027","55","027"
"WI","Door","2009",12,42.81,8.8742282604166667,380587.76,"55029","55","029"
"WI","Dunn","2009",3,15.39,8.8457830264666667,133501.68,"55033","55","033"
"WI","Eau Claire","2009",8,34.1,12.814587031525,458411.9,"55035","55","035"
"WI","Forest","2009",2,6.56,7.3914253049,48497.1,"55041","55","041"
"WI","Green","2009",11,87.3,8.6167403238727273,764181.82,"55045","55","045"
"WI","Iowa","2009",9,46.904,8.8446071363222222,409699.36,"55049","55","049"
"WI","Jackson","2009",4,8.01,8.791249895825,70432.86,"55057","55","057"
"WI","Jefferson","2009",8,84.468,7.559806368425,647594.58,"55059","55","059"
"WI","Kenosha","2009",6,25.488,8.3889403659666667,214190.44,"55059","55","059"
"WI","Kewaunee","2009",6,29.664,6.4308167048166667,189918.86,"55061","55","061"
"WI","La Crosse","2009",4,60.928,7.45424713475,428785.54,"55063","55","063"
"WI","Lafayette","2009",4,26.28,8.66472772695,224314.1,"55073","55","073"
"WI","Manitowoc","2009",13,78.596,8.5198628139923077,620149.52,"55071","55","071"
"WI","Marathon","2009",13,74.04,8.1631034794307692,619521.76,"55073","55","073"
"VT","Washington","2009",22,214.76,9.309047619047619,1046300.74,"50023","50","023"
"VT","Windham","2009",16,86.82,8.0046666666666667,374765.05,"50025","50","025"
"VT","Windsor","2009",19,165.7,8.4388888888888889,506268.26,"50027","50","027"
"WA","Benton","2009",2,5.826,8.11,47020,"53015","53","015"
"WI","Milwaukee","2009",31,263.724,9.6402812733032258,2414786.72,"55079","55","079"
"WI","Monroe","2009",6,38.01,9.3237886294333333,355001.88,"55095","55","095"
"WI","Oconto","2009",8,76.8,8.54184639345,721784,"55083","55","083"
"WI","Oneida","2009",2,12.6,8.23904761905,103800,"55085","55","085"
"WI","Sheboygan","2009",3,14.48,9.9373235736,144583,"55117","55","117"
"WI","St. Croix","2009",5,17.92,10.62438226745,151958,"55109","55","109"
"WI","Taylor","2009",4,12.2,9.697777093175,117870.09,"55091","55","091"
"WI","Trempealeau","2009",4,21.9,9.80849336735,193541.66,"55121","55","121"
"WI","Vernon","2009",6,46.13,9.13393624085,424090.5,"55123","55","123"
"WI","Vilas","2009",4,19.6,10.6360642857,210722,"55125","55","125"
"WI","Walworth","2009",11,77.292,8.2394494613363636,602623,"55127","55","127"
"WI","Washington","2009",9,79.04,8.5201460232333333,684675.24,"55023","55","023"
"WI","Waukesha","2009",21,155.564,9.1495292387809524,1385524,"55133","55","133"
"WI","Waupaca","2009",10,36.58,8.95017607955,326563.88,"55135","55","135"
"WI","Waushara","2009",2,7.2,6.8193652778,49094.86,"55137","55","137"
"WI","Winnebago","2009",6,66.17,7.9886872389166667,553544,"55139","55","139"
"WI","Wood","2009",5,28.472,8.76670912184,280870.86,"55141","55","141"
"WV","Berkeley","2009",3,14.35,7.9966666666666667,114740,"54015","54","015"
"WV","Calhoun","2009",1,8.8,1.03,9070,"54013","54","013"
"WV","Monroe","2009",1,1.8,7.98,14362,"54095","54","095"
"WV","Summers","2009",2,7.25,6.975,48884,"54089","54","089"
"WY","Albany","2009",5,4.284,13.2,26400,"56001","56","001"
"WY","Converse","2009",3,2.336,,,"56009","56","009"
"WY","Fremont","2009",1,0.432,,,"56043","56","043"
"WY","Laramie","2009",1,0.7,,,"56021","56","021"
"WY","Lincoln","2009",1,0.896,,,"56073","56","073"
"WY","Platte","2009",1,1.05,,,"56031","56","031"
"WY","Sheridan","2009",1,0.875,,,"56033","56","033"
"WY","Sublette","2009",2,4.8,,,"56035","56","035"
"WY","Teton","2009",1,2.2,,,"56039","56","039"
"WY","Weston","2009",1,0.35,,,"56045","56","045"
